Facility,Facility ID
bu Bulawayo Family Health Clinic,ZW090A30
bu Bulawayo Family Medical Clinic,
bu Bulawayo Male Circumcision Centre,ZW090A51
bu Bulawayo Maternal Health Clinic,
bu Ceshhar Clinic,ZW090A49
bu CIMAS,ZW090A45
bu Conaught Health Centre,
bu Corporate  24 Private Hospital,ZW090A31
bu Cowdray Park Clinic,ZW090A27
bu Cowdray Park Health Center,ZW090A0I
bu Dr Shennan Clinic,ZW090A14
bu Dr W Ndebele Clinic,ZW090A39
bu EF Watson Clinic,ZW090A03
bu Emakhandeni Clinic,ZW090A01
bu Emergency Poly Clinic,ZW090A57
bu Emganwini Clinic,ZW090A65
bu Entumbane Clinic,ZW090A04
bu Galen House Clinic,ZW090A22
bu Grassroot for soccer centre,
bu Hillside Teachers' College,ZW090A48
bu Ingutsheni,ZW090B0B
bu Ingutsheni Central Hospital,
bu Joshua Mqabuko Nkomo Airport,ZW000JMN
bu Jubilee Clinic,ZW090A20
bu KHAMI CESHHAR CLINIC,
bu Khami Road Clinic,ZW090A05
bu King's Maternity Clinic,ZW090A19
bu Lady Rodwell Maternity Hospital,
bu Lister House - Zimbabwe National Family Planning Services (ZNFPS),ZW090A58
bu Lobengula MC clinic,ZW090A52
bu Luveve Clinic,ZW090A06
bu Magwegwe Clinic,ZW090A07
bu Magwegwe North Surgery,ZW090A42
bu Mahatshula Private Clinic,ZW090A66
bu Main Street Clinic,
bu Maqhawe Clinic,ZW090A33
bu Marondera Poly Clinic,ZW090A23
bu Mater Dei Hospital,ZW090A0G
bu Maternal and Child Health Centre,
bu Mpilo,
bu Mpilo Central Hospital,ZW090A
bu Mpilo ZNFPC Clinic,ZW090D
bu Mzilikazi Clinic,ZW090A08
bu National University of Science and Technology,ZW090A54
bu Njube Clinic,ZW090A09
bu Nketa Clinic,ZW090A17
bu Nkulumane Clinic,ZW090A10
bu Northern Suburbs Clinic,ZW090A18
bu Northlynne Clinic,
bu NRZ,ZW090A53
bu Parkade Centre,ZW090A43
bu Pelandaba Clinic,ZW090A11
bu Princess Margaret Clinic,ZW090A12
bu PSI New Start Clinic,ZW090A40
bu Pumula Clinic,ZW090A13
bu Pumula South Clinic,ZW090A35
bu Pumula South Private Maternity Clinic,ZW090A46
bu Royal Women's Clinic,ZW090A44
bu Schweppes Pvt  Zimbabwe,ZW090A55
bu Silver Oaks Medical Centre,ZW090A28
bu Tembi Home Health Centre,ZW090A36
bu Thorngrove Infectious Diseases Hospital,ZW090A0E
bu Tshabalala Clinic,ZW090A02
bu Tshabalala Pvt Maternity Clinic,ZW090A47
bu UBH,
bu United Bulawayo Hospital,ZW090C0C
bu ZNA Braddy BarracksClinic,ZW050710
Facility Test A,Facility Test A
Gweshe RDC,40528
ha Annexe Hospital,
ha Arcadia Medical Center,ZW000A0Q
ha Arcadia Primary Care Clinic,ZW000A02
ha Avenues Clinic Hospital,ZW000A0F
ha Avondale Clinic,ZW000A01
ha Baines Avenue Clinic,ZW000A0V
ha BEATRICE INFECTIOUS HOSPITAL,
ha Beatrice Road Hospital,ZW000A0C
ha Belvedere Satellite Clinic,ZW000A05
ha Borrowdale Clinic,ZW000A07
ha Braeside FHS Clinic,ZW000A08
ha Budiriro PolyClinic,ZW000A09
ha Budiriro Satellite Clinic,ZW000A69
ha Cceshar Clinic,ZW000A2601
ha Chitungwiza Casualty,
ha Chitungwiza Central Hospital - do not use,
ha Chitungwiza Maternity Services,
ha Chitungwiza New Start Centre Town Centre,ZW000B07
ha Chitungwiza OPD,
ha Chitungwiza Peadiatrics,
ha Chitungwiza Staff Clinic,
ha Chitungwiza Urban District,
ha Chitungwiza ZRP Camp Clinic,ZW000B05
ha Cimas Chinhoyi Clinic,ZW000A50
ha Delta Graniteside Clinic,ZW000A89
ha Dunameon,
ha Eastley FHS Clinic,ZW000A10
ha Epworth Mission Clinic,ZW030990
ha Epworth Polyclinic,ZW030926
ha Glen Norah Medical Centre,ZW000A0R
ha Glen Norah Satellite Clinic,ZW000A11
ha Glen View Maternity Home,ZW000A76
ha Glen View PolyClinic,ZW000A13
ha Glen View Satellite Clinic,ZW000A14
ha Gonda Hospital,ZW000A83
ha Greendale FHS Clinic,ZW000A15
ha Harare city centre VMMC clinic,ZW000A74
ha Harare City Private Institutions,
ha Harare Polytechnic Clinic,
ha Hatcliffe PolyClinic,ZW000A17
ha Hatfield Clinic,ZW000A44
ha Highfield PolyClinic,ZW000A18
ha Highlands FHS Clinic,ZW000A52
ha Highlands Primary Care Clinic,ZW000A46
ha Hopley Clinic,ZW000A53
ha Infectious Diseases Hospital,
ha Insco Wellness Clinic,
ha Kambuzuma PolyClinic,ZW000A19
ha Kuwadzana Phase 4 Clinic,ZW000A68
ha Kuwadzana PolyClinic,ZW000A20
ha Mabelreign Satellite Clinic,ZW000A21
ha Mabvazuva,ZW030928
ha Mabvuku F.H.C,ZW000A22
ha Mabvuku PolyClinic,ZW000A23
ha Mabvuku Satellite,ZW000A47
ha Manyame 24 hr Maternity Clinic,ZW000B06
ha Manyame Airbase Hospital,ZW000B0D
ha Marlborough Satellite Clinic,ZW000A45
ha Mashambanzou Care Trust Hospital ,ZW000A0Z
ha Matapi Clinic,ZW000A25
ha Mbare Cesshar,ZW000A260
ha Mbare Hostels Clinic,ZW000A26
ha Mbare PolyClinic,ZW000A27
ha Metropolitan Clinic,ZW000A0J
ha Morris Depot Camp Hospital,ZW000A55
ha Mount Pleasant Clinic,ZW000A28
ha Mufakose FHS,ZW000A114
ha Mufakose PolyClinic,ZW000A29
ha New Cranborne,ZW000A78
ha Newlands Clinic,ZW000AP1
ha Overspill Clinic,ZW030927
ha Pacific,ZW000A79
ha Parirenyatwa Casualty,
ha Parirenyatwa Clinic,ZW000A30
ha Parirenyatwa Family Planning,
ha Parirenyatwa Mbuya Nehanda Maternity Hospital,
ha Parirenyatwa OPD,
ha Parirenyatwa Radiotherapy,
ha Parirenyatwa Sekuru Kaguvi,
ha Parirenyatwa Staff Clinic,
ha Prospect Palms,
"ha PSI New start Centre, Kwame",ZW000A63
ha Queen of Peace,ZW000A0P
ha Red Crescent Society,
ha Roland Square clini,
ha Roland Square Clinic,
ha Rujeko PolyClinic,ZW000A33
ha Rutsanana PolyClinic,ZW000A34
ha Ruwa Clinic,ZW030250
ha Ruwa PolyClinic,ZW030273
ha Ruwa Rehabilitation Hospital,ZW03020C
ha Sally Mugabe Central Hospital,ZW000D0D
ha Sally Mugabe Central Hospital Casualty,
ha Sally Mugabe Central Hospital Maternity,
ha Sally Mugabe Central Hospital OPD,
ha Sally Mugabe Central Hospital Paediatric,
ha Sally Mugabe Central Hospital Psychiatric,
ha Sally Mugabe Central Hospital Staff Clinic,
ha Seke North Clinic,ZW000B02
ha Seke South Clinic,ZW000B01
ha Southerton Clinic,ZW000A35
ha South Medical Hospital,ZW000B0B
ha Spilhaus,ZW000A51
ha St Annes Hospital,ZW000A0E
ha Starlight,ZW010A81
ha St Mary's Clinic,ZW000B03
ha St Michaels Clinic,ZW000B0C
ha Stoneridge,ZW000A0I
ha Sunningdale Clinic,ZW000A37
ha Tafara FHS Clinic,ZW000A38
ha University of Zimbabwe,
ha Vee’s Health Centre,
ha Warren Park PolyClinic,ZW000A39
ha Waterfalls Clinic,ZW000A41
ha West End Hospital,ZW000A0H
ha Western Triangle Clinic,ZW000A42
ha Wilkins Infectious Diseases Hospital,ZW000A0D
ha ZAPSO,ZW000A86
ha Zengeza Clinic,ZW000B04
ha ZPS Chikurubi Farm Prison ,ZW000A62
ha ZPS Chikurubi Female Prison Clinic,ZW000A60
ha ZPS Chikurubi Maximum Prison Hospital,ZW000A59
ha ZPS Chikurubi Maximum Prison Psychiatric,ZW000A95
ha ZPS Chikurubi Prison Dependants Clinic,ZW000A61
ha ZPS Chikurubi Prison Staff Hospital,ZW000A58
ha ZPS Harare Central Kentuky Prison Clinic,
ha ZPS Harare Central Prison Dependants Clinic,ZW000A67
ha ZPS Harare Central Prison Hospital,ZW000A48
ha ZPS Harare Metropolitan Province Prisons Clinic,ZW000A96
ha ZPS Harare Remand Prison ,
ha ZRP Support Unit Camp Hospital,
ma Arda Chisumbanje Clinic,ZW010361
ma Arda Odzi Clinic,ZW010524
ma Arda Rusitu Clinic,ZW010251
ma Army Dependent Clinic,ZW10523
ma Arnoldine Mission Clinic,ZW010492
ma Avilla Mission Hospital,ZW01070B
ma Bakorenhema Clinic,ZW10525
ma Bangure Clinic,ZW010125
ma Bende Clinic,ZW010712
ma Berenyazvizvi Clinic,ZW010101
ma Betera Rural Health Centre,ZW010102
ma Bezely Bridge Clinic,ZW10526
ma Birchenough Bridge Hospital,ZW01010B
ma Biriwiri Rural Hospital,ZW0102OA
ma Bonda Mission Hospital,ZW01060B
ma Buhera Rural Hospital,ZW01010A
ma Burma Valley Clinic,ZW010545
ma Chabata Clinic,ZW010126
ma Changazi clinic,ZW010319
ma Changazi Rural Health Centre,ZW010261
ma Chapanduka Clinic,ZW010127
ma Chapwanya Clinic,ZW010128
ma Charter Clinic,ZW010204
ma Chatindo Clinic,ZW010725
ma Chatora Clinic,
ma Chavhanga Rural Health Centre,ZW0106OF
ma Chawatama RHC,ZW010139
ma Chayamiti Rural Health Centre,ZW010227
ma Chayamiti Rural Health Centre,ZW010203
ma Chiadzwa Rural Health Centre,ZW10502
ma Chibuwe Clinic,ZW010325
ma Chichichi Clinic,ZW010338
ma Chiduku Clinic,ZW010425
ma Chikanga Clinic,ZW010562
ma Chikobvore Rural Health Centre,ZW010402
ma Chikore Clinic,ZW010426
ma Chikore Mission Hospital,ZW01030B
ma Chikukwa Rural Health Centre,ZW0102OE
ma Chikwariro Clinic,ZW010591
ma Chikwizi Clinic,ZW010229
ma Chimanimani Rural Hospital,ZW01028
ma Chimanimani urban clinic,ZW0102OC
ma Chimbudzi Clinic,ZW010117
ma Chinaka Health Post,
ma Chinamasa Clinic,ZW010601
ma Chinyadza Clinic,ZW010403
ma Chinyadza Clinic,ZW010445
ma Chinyamazizi Clinic,ZW10555
ma Chinyamukwakwa Rural Health Centre,ZW010303
ma Chinyika 2 Rural Health Centre,ZW010404
ma Chinyika 2 Rural Health Centre,ZW010405
ma Chinyudze Rural Health Centre,ZW010406
ma Chipangayi Clinic,ZW010345
ma Chipendeke Clinic,ZW010544
ma Chipfatsura Clinic,ZW010527
ma Chipinge Hospital,ZW01030A
ma Chipinge Town Clinic,ZW010349
ma Chipinge Town Clinic,ZW010352
ma Chipinge ZRP Clinic,ZW010317
ma Chipondamidzi Clinic,ZW010141
ma Chiramba Rural Health Centre,ZW010201
ma Chiriga Clinic,ZW010346
ma Chirozva Clinic,ZW010129
ma Chisengu Clinic,ZW010226
ma Chisengu Clinic,ZW010262
ma Chishingwi Clinic,ZW10543
ma Chisuma Clinic,ZW010339
ma Chitaka Clinic,ZW010534
ma Chitakatira Clinic,ZW010529
ma Chitombo Clinic,ZW010645
ma Chitora Clinic,ZW010518
ma Chitungwiza Clinic,ZW010428
ma Chitungwiza Clinic,
ma Chiwarira Clinic,ZW010726
ma Chiwenga Clinic,ZW010130
ma Chiwere Clinic,ZW010508
ma Chiwese Clinic,ZW010131
ma Claremont Estate Clinic,ZW010792
ma Clearwater Clinic,ZW010362
ma Dangamvura Clinic,ZW010563
ma Dazi Clinic,ZW010704
ma Dombo Rural Health Centre,ZW010702
ma Dora,ZW010541
ma Dora Clinic,ZW10541
ma Dorowa Clinic,ZW010179
ma Drenane Clinic,ZW010625
ma Eastern Highlands Plantation Clinic,ZW010604
ma Elim Mission Hospital,ZW01070C
ma Era Mine Clinic,ZW010437
ma Erin Forest Estate Clinic,ZW010768
ma Florida Clinic,ZW010565
ma Fombe Rural Health Centre,ZW010703
ma Forbes Boarder Clinic,ZW010569
ma Forbes Border Post,ZW000FOB
ma Garamwera Clinic,ZW010118
ma Gatsi Mission Clinic,ZW010669
ma Gaza Clinic,ZW010347
ma Gombe Clinic,ZW010133
ma Gotekote Rural Health Centre,ZW010705
ma Gowakowa Rural Health Centre,ZW010409
ma Gowakowa Rural Health Centre,ZW010407
ma Groobi Spring Rural Health Centre,ZW010440
ma Gudyanga Clinic,ZW010231
ma Gumira Clinic,ZW010326
ma Gunura Clinic,ZW010134
ma Guta Clinic,ZW010674
ma Gutaurare Rural Health Centre,ZW10504
ma Gwenzi Clinic,ZW010390
ma Gwindingwi Rural Health Centre,ZW10501
ma Gwindingwi Rural Health Centre,ZW010505
ma Haparari Clinic,ZW010691
ma Hauna District Hospital,ZW01060F
ma Headlands Clinic,ZW010410
ma Hlabiso Clinic,ZW010209
ma Hob House Clinic,ZW010560
ma Honde Mission Clinic,ZW010627
ma Hwakwata Clinic,ZW010327
ma Imbeza Clinic,
ma Imbeza Clinic,ZW010692
ma Jersey Clinic,ZW010364
ma Jombe Clinic,ZW010670
ma Junction Gate Clinic,ZW010348
ma Kambudzi Clinic,ZW010729
ma Katiyo Tea Estate Clinic,ZW010697
ma Kondo Clinic,ZW010392
ma Kopera Rural Health Centre,ZW010328
ma Lamont clinic,ZW010306
ma Leekuil Takunda Clinic,ZW010521
ma Mabee Rural Health Centre,ZW010307
ma Madanga Clinic,ZW10520
ma Madhuku Clinic,ZW010329
ma Madzimbashuro Rural Health Centre,ZW010103
ma Mahenye Rural Health Centre,ZW010309
ma Makoni Rural Hospital,ZW01040C
ma Mambwere Clinic,ZW10530
ma Mandeya II Clinic,ZW010667
ma Manzvire Clinic,ZW010330
ma Mapara Clinic,ZW010628
ma Maparadza Clinic,ZW010340
ma Maparura Rural Health Centre,ZW010412
ma Maparura Rural Health Centre,ZW010411
ma Marange Rural Hospital,ZW01050E
ma Martin Forest Clinic,
ma Masasi Clinic,ZW10531
ma Matanda Clinic,ZW010520
ma Matize Rural Health Centre,ZW010707
ma Matotwe Rural Health Centre,ZW010430
ma Matotwe Rural Health Centre,ZW010413
ma Maurice Nyagumbo Clinic,ZW010438
ma Mavhiza Clinic,ZW10503
ma Mavhudzi Clinic,ZW010414
ma Mavhudzi Clinic,ZW010444
ma Mayo 1 Rural Health Centre,ZW010415
ma Mayo 2 Rural Health Centre,ZW010441
ma Mhakwe clinic,ZW0102OB
ma Midsave Clinic,ZW010365
ma Mkwada Clinic,ZW10533
ma Mombeyarara Rural Health Centre,ZW010104
ma Mount Melleray Mission Hospital,ZW01070D
ma Mount Selinda Mission Hospital,ZW01030C
ma Mount Zuma Clinic,ZW010509
ma Mpotedzi Clinic,ZW010696
ma Msasa RDC clinic,ZW010143
ma Mt Jenya Clinic,ZW010629
ma Mubvurungwa Clinic,ZW010439
ma Muchadziya Rural Health Centre,ZW010264
ma Mudanda Clinic,ZW010124
ma Mudawose Clinic,ZW010136
ma Mukamba Clinic,ZW010482
ma Mukuwapasi Rehab Clinic,ZW010494
ma Munyanyi Clinic,ZW010119
ma Munyarari Clinic,ZW010510
ma Murambi Gardens Hospital,ZW01050H
ma Murambinda Mission Hospital,ZW01010C
ma Muromo Rural Health Centre,ZW010506
ma Murowa Rural Health Centre,ZW10506
ma Murwira Rural Health Centre,ZW010105
ma Musani Clinic,ZW010331
ma Mushunje Clinic,ZW010535
ma Musilizwe Rural Health Centre,ZW010311
ma Muswera Rural clinic,ZW010391
ma Mutambara Mission Hospital,ZW0102OD
ma Mutandahwe Clinic,ZW010332
ma Mutare City Health Clinic,ZW010561
ma Mutare Infectious Disease Hospital,ZW01050B
ma Mutasa Clinic,ZW010630
ma Mutema Clinic,ZW010333
ma Mutiusinazita Clinic,ZW010135
ma Mutsvangwa Clinic,ZW010232
ma Mutsvangwa Clinic,ZW010230
ma Muzokomba Clinic,ZW010140
ma Mwoyoweshumba Clinic,ZW010631
ma Name Clinic,
ma Name Clinic,ZW01040D
ma Ndyarima clinic,
ma Nedziwa Clinic,ZW010429
ma Nedziwa Clinic,
ma Nerutanga Clinic,ZW010137
ma New Start Centre,ZW010382
ma New Start Centre,
ma New Year's Gift Clinic,ZW010366
ma Ngaone Clinic,ZW010334
ma Ngarura Clinic,ZW010632
ma Ngorima Clinic,ZW010266
ma Nhedziwa Clinic,ZW010267
ma Nyabamba Clinic,ZW010269
ma Nyadowa Clinic,ZW010794
ma Nyafaru Clinic,ZW010762
ma Nyagundi Rural Health Centre,ZW010511
ma Nyahode Clinic,ZW010271
ma Nyahowe Rural Health Centre,ZW010418
ma Nyahowe Rural Health Centre,ZW010419
ma Nyamaropa Clinic,ZW010727
ma Nyamazura Rural Health Centre,ZW010512
ma Nyamidzi Clinic,ZW010431
ma Nyamombe Camp Rural Health Centre,ZW010709
ma Nyamombe Clinic,ZW010791
ma Nyamukamani Rural Health Centre,ZW010446
ma Nyamukamani Rural Health Centre,ZW010420
ma Nyamusosa Clinic,ZW010427
ma Nyanga District Hospital,ZW0107OA
ma Nyanguai Clinic,ZW010710
ma Nyanguai Clinic,
ma Nyangui Clinic,ZW010761
ma Nyanyadzi Rural Hospital,ZW010272
ma Nyarumvurwe Rural Health Centre,ZW010706
ma Nyashanu Mission Clinic,ZW01010D
ma Nyatate Clinic,ZW010730
ma Nyautare clinic,ZW010728
ma Nyazura Clinic,ZW010491
ma Nyunga Clinic,ZW010351
ma Nzvenga Clinic,ZW010536
ma Odzi Clinic,ZW010538
ma Old Mutare Mission Hospital,ZW01060C
ma Paidamoyo Rural Health Centre,ZW010312
ma Premier Central Clinic,ZW010698
ma Rambanepasi Clinic,ZW010142
ma Rambanepasi Clinic,ZW010138
ma Ratelshoek Clinic,ZW010371
ma Redwing Clinic,ZW010671
ma Regina Coeli Mission Hospital,ZW01070E
ma Rimbi Clinic,ZW010335
ma Ringanayi Clinic,ZW010443
ma Ringanayi Clinic,ZW010433
ma Roscommon Clinic,ZW010252
ma Rowa Clinic,ZW010537
ma Ruchera Rural Health Centre,ZW010711
ma Rukweza Clinic,ZW01040A
ma Rupinda Rural Health Centre,ZW010602
ma Rusitu Mission Hospital,ZW010270
ma Sabvure Clinic,ZW010731
ma Sachisuko Clinic,ZW010636
ma Sadziwa Clinic,ZW010637
ma Sagambe Clinic,ZW010638
ma Sahumani Clinic,ZW010639
ma Sakubva Clinic,ZW010564
ma Sakubva District Hospital,ZW01050C
ma Sakubva Health Centre,ZW01050D
ma Sakupwanya Clinic,ZW010640
ma Samanga Clinic,ZW010641
ma Samaringa Clinic,ZW010642
ma Sangano Clinic,ZW010447
ma Selbourne/Nyanga Pine Clinic,ZW010668
ma Sheba Clinic,ZW010672
ma Sherukuru Rural Health Centre,ZW010603
ma Shinja Clinic,ZW010263
ma Silver Stream Clinic,ZW010367
ma Southdown Clinic,ZW010369
ma Spring Valley Clinic,ZW010795
ma St Andrew's Mission Hospital,ZW01050F
ma St Augustine's Clinic,ZW010693
ma St Barbara Mission Hospital,ZW010694
ma St Josephs' Mission Hospital,ZW01050G
ma St Michael's Tanda Mission Hospital,ZW01040E
ma St Michael's Tanda Mission Hospital,ZW01040F
ma St Moses Chiremwa  clinic,ZW010144
ma St Peters Hospital,ZW01030D
ma St Peter's Mandeya Mission Clinic,ZW01060E
ma St Werburghs,ZW010507
ma St Werburghs Clinic,ZW10507
ma Tamandayi Clinic,ZW010350
ma Tandi Clinic,ZW010434
ma Tandi Clinic,ZW010435
ma Tanganda Rural Health Centre,ZW010314
ma Tarka Clinic,ZW010202
ma Tarka Clinic,ZW010265
ma Tilbury Clinic,ZW010268
ma Tingamira Clinic,ZW010373
ma Tombo Clinic,ZW010732
ma Tongogara Rural Health Centre,ZW010315
ma Toriro Clinic,
ma Triashill Mission Hospital,ZW010666
ma Tsanzaguru Clinic,ZW010436
ma Tsikada Rural Health Center,
ma Tsikada Rural Health Center,ZW010401
ma Tsonzo,ZW01060A
ma Tsonzo Rural Hospital,ZW01060D
ma Tsvingwe RDC Clinic,ZW010635
ma Tuzuka Clinic,ZW010316
ma Veneka Clinic,ZW010336
ma Vengere Clinic,ZW010442
ma Victoria Chitepo Provincial Hospital,ZW01050A
ma Vimba clinic,ZW010225
ma Vumba Clinic,ZW10515
ma Vumba Clinic,ZW010515
ma Weya Rural Hospital,ZW01040B
ma Zamuchiya Clinic,ZW010337
ma Zangama Rural Health Centre,ZW010106
ma Zimunya Clinic,ZW010539
ma Zona Clinic,ZW010372
ma Zongoro Clinic,ZW010643
ma ZPCS MUTARE REMAND PRISON,
ma ZPS Chipinge Prison Clinic,ZW010318
ma ZPS Little Kraal Prison Clinic,
ma ZPS Mutare Prison Farm Clinic,ZW010532
ma ZPS Mutare Remand Prison Clinic,ZW10532
ma ZPS Mutare Remand Prison Clinic,
ma ZPS Rusape Prison Clinic,ZW010474
ma ZPS Rusape Prison Clinic,ZW010493
ma ZRP Mutare Provincial Clinic,
ma Zumbare Clinic,ZW10540
ma Zunhidza Clinic,
ma Zvipiripiri Rural Health Centre,ZW010513
mc Adura Clinic,ZW020408
mc Always Clinic,ZW202090
mc Angwa Clinic,ZW020821
mc Bakasa Clinic,ZW020326
mc Bandimba Clinic,ZW020533
mc Bare Clinic,ZW020425
mc Belgownie Clinic,ZW020445
mc Bepura Clinic,ZW020327
mc Bindura Farm Health Scheme Clinic,ZW020177
mc Bindura Polyclinic,ZW020104
mc Bindura Provincial Hospital,ZW02010A
mc Bindura ZNFPC Clinic,ZW020181
mc Bindura ZRP Clinic,ZW050194
mc Birkdale Clinic,ZW020344
mc Brandon Clinic,ZW020348
mc BUCSE Clinic,ZW201030
mc Bungwe Clinic,ZW206250
mc Bushu Clinic,ZW207250
mc Bveke Clinic,ZW020529
mc Bvochora Rural Health Centre,ZW020301
mc Camsasa Clinic,ZW020347
mc Chadereka Rural Health Centre,ZW202850
mc Chapoto Clinic,ZW020820
mc Chawanda Clinic,ZW020525
mc Chawarura Rural Health Centre,ZW202010
mc Chevakadzi Clinic,ZW207730
mc Chibuli Clinic,ZW020509
mc Chidembo Clinic,ZW207260
mc Chidikamwedzi Clinic,ZW202070
mc Chidodo Clinic,ZW020841
mc Chihuri Clinic,ZW207270
mc Chikafa Clinic,ZW020830
mc Chimandau Rural Health Centre,ZW206070
mc Chimhanda Clinic,ZW206270
mc Chimhanda District Hospital,ZW02060A
mc Chinehasha Rural Health Centre,ZW020401
mc Chinyani Clinic,ZW202080
mc Chipadze Clinic,ZW020162
mc Chipindura High Clinic,ZW201880
mc Chipoli Clinic,ZW207370
mc Chipuriro Clinic,ZW020329
mc Chiriseri Clinic,ZW201450
mc Chirunya Clinic,ZW020834
mc Chitepo Clinic,ZW020535
mc Chitse Clinic,ZW020534
mc Chitsungo Mission Hospital,ZW02080B
mc Chiwaridzo Clinic,ZW201630
mc Chiwaridzo Clinic,ZW020163
mc Chiwenga Clinic,ZW202100
mc Chomutukutu,ZW206290
mc Christon Bank Clinic,ZW020430
mc Concession District Hospital,ZW02040A
mc Cranham Clinic,ZW020491
mc CZA Clinic,ZW207030
mc Dambo Clinic,ZW020484
mc Dandamera Clinic,ZW204920
mc Davaar Clinic,ZW020410
mc David Nelson Clinic,ZW202450
mc Donje Clinic,ZW020406
mc Dotito Rural Health Centre,ZW020501
mc Foothills Clinic,ZW201780
mc Forrester Clinic,ZW020485
mc Freda Rebecca Clinic,ZW201750
mc Ganganyama Clinic,ZW0206228
mc Glamorgan Clinic,ZW020187
mc Gonono Clinic,ZW020831
mc Goora Rural Health Centre,ZW207040
mc Gota Clinic,ZW020334
mc Guruve Centre Rural Health Clinic,ZW020308
mc Guruve District Hospital,ZW02030B
mc Guruve Farm Health Scheme Clinic,
mc Guruve ZPS Clinic,ZW020349
mc Guruve ZRP Clinic,ZW020336
mc Henderson Clinic,ZW020475
mc Holme Eden Clinic,ZW020446
mc Hope Bindura New Start Centre, ZW020189
mc Horta Clinic,ZW020490
mc Howard Mission Hospital,ZW02040C
mc Hoya Rural Health Centre,ZW202020
mc Hwata Clinic,ZW202250
mc Iron Duke Clinic,ZW020476
mc Jingamvura Clinic,ZW020427
mc Kachuta Clinic,ZW020331
mc Kaitano Clinic,ZW020526
mc KAMUSASA CLINIC,
mc Kamutsenzere Rural Health Centre,ZW020502
mc Kandeya clinic,ZW020538
mc Karanda Mission Hospital,ZW02050B
mc Katanya Clinic,ZW020125
mc Kemutamba Clinic,ZW020346
mc Machaya Rural Health Centre,ZW202030
mc Madziwa Rural Hospital,ZW0207OB
mc Madziwa Teachers' College,ZW207750
mc Mahuwe Clinic,ZW020833
mc Makope Clinic,ZW020428
mc Manga Rural Health Centre,ZW020183
mc Manhenga Clinic,ZW020146
mc Maria Theresa Clinic,ZW204280
mc Mary Mount Mission Hospital,ZW02060B
mc Masoka Clinic,ZW020801
mc Masomo Clinic,ZW020802
mc Matope Clinic,ZW020532
mc Matsvitsi Clinic,ZW020333
mc Mazowe Bridge Rural Health Centre,ZW206050
mc Mazowe Citrus Clinic,ZW02040D
mc Mazowe Mine Clinic,ZW020477
mc Mazowe Secondary Clinic,ZW020486
mc Mhokore Clinic,ZW207790
mc Mliti clinic,ZW207350
mc Montgomery Christian Care Centre,ZW020483
mc Mount Darwin District Hospital,ZW02050A
mc Mount Darwin ZRP Clinic,ZW020530
mc Mugarakamwe Clinic,ZW020345
mc Mukonde Rural Health Centre,ZW206030
mc Mukosa Rural Health Centre,ZW206010
mc Mukumbura Clinic,ZW020503
mc Muonwe Rural Health Centre,ZW020102
mc Mupandira Rural Health Centre,ZW020180
mc Mupfure Clinic,ZW201010
mc Mupfurudzi Rural Health Centre,ZW207050
mc Murongwe Clinic,ZW020536
mc Musengezi Clinic,ZW020832
mc Mushumbi RHC,ZW020803
mc Mutasa Clinic,ZW020508
mc Mutungagore Clinic,ZW020507
mc Muzarabani Rural Health Centre,ZW202040
mc Mvurwi Hospital,ZW02040E
mc Negomo Rural Health Centre,ZW020305
mc Nembire Rural Health Centre,ZW020527
mc Nhawa Rural Health Center,ZW206020
mc Nhawa Rural Health Centre,ZWO2O603
mc North Eastern Medical Centre,ZW020482
mc Nyakapupu Clinic,ZW020339
mc Nyakudya Rural Health Centre,ZW020402
mc Nyamahobogo Rural Health Centre,ZW020504
mc Nyamaridza Clinic,ZW202260
mc Nyamaropa Rural Health Centre,ZW207770
mc Nyamaruro Rural Health Centre,ZW207010
mc Nyamatikiti Rural Health Centre,ZW206060
mc Nyambudzi Clinic,ZW020835
mc Nyamhondoro Rural Health Centre,ZW020306
mc Nyamupfuta Clinic,ZW020350
mc Nyatsato Clinic,ZW206280
mc Nyava Clinic,ZW020126
mc Nzvimbo Clinic,ZW020432
mc Pachanza Clinic,ZW020528
mc Pfunyanguwo Rural Health Centre,ZW020505
mc Ponai Private Clinic,ZW201910
mc Range Clinic,ZW202110
mc Rosa Rural Hospital,ZW02040B
mc Rusambo Clinic,ZW206260
mc Rushinga Rural Health Centre,ZW206040
mc Rusununguko Clinic,ZW201610
mc Rutope Clinic,ZW201050
mc Ruyamuro Clinic,ZW020343
mc Sandringham Clinic,ZW020489
mc Shamva District Hospital,ZW0207OA
mc Shamva Gold Mine Clinic,ZW207760
mc Shashi Private Hospital,ZW201850
mc Shinje Rural Health Centre,ZW020307
mc Shopo Clinic,ZW020487
mc Shutu Rural Health Centre,ZW020403
mc St Albert's Mission Hospital,ZW02020A
mc Storis Clinic,ZW020478
mc Suoguru Clinic,ZW020488
mc Takawira Clinic,ZW020728
mc Takunda Rural Health Centre,ZW201840
mc Tarlington Clinic,ZW201900
mc Trojan Nickel Clinic,ZW201760
mc Tsakare Rural Health Centre,ZW020506
mc Tsungubvi Clinic,ZW204780
mc Tsungubvi Clinic,ZW020447
mc Von Abo Clinic,ZW020411
mc Wadzanai Clinic,ZW207120
mc ZPS Mazowe Prison Clinic,ZW020479
mc ZPS Mount Darwin Prison Clinic,ZW020531
me Acton Reynolds Rural Health Centre,ZW030901
me Arcadia Rural Council Clinic,ZW030591
me Arcturus Mine Clinic,ZW302750
me Beatrice Rural Hospital,ZW03090A
me Benjimed Private Clinic,ZW030589
me Border Church Rural Health Centre,ZW030501
me Borera Clinic,ZW030325
me Borradaile Pvt Hospital,ZW03050D
me Bosha Rural Health Centre,ZW302010
me Bromley Clinic,ZW030245
me Bvumbura Clinic,ZW301250
me Bwoni Clinic,ZW309220
me Caledonia sate,ZW000A57
me Chabwino Clinic,ZW030280
me Charakupa Clinic,ZW309210
me Charehwa Clinic,ZW308250
me Chigondo Clinic,ZW304250
me Chikondoma Clinic,
me Chikuhwa Clinic,ZW030326
me Chikurumadziva Clinic,ZW304450
me Chikwaka Rural Hospital,ZW03020D
me Chikwizo Clinic,ZW306910
me Chimbwanda Rural Health Centre,ZW030502
me Chimukoko Rural Health Centre,ZW306010
me Chinamhora Clinic,ZW030225
me Chindenga Clinic,
me Chindenga Clinic,ZW308910
me Chingamuka Clinic,ZW030635
me Chingwaru Clinic,ZW307230
me Chinyika Clinic,ZW030226
me Chiota Rural Hospital,ZW03050B
me Chipararwe Council Clinic,ZW030529
me Chipfunde Clinic,ZW030327
me Chirume Clinic,ZW304510
me Chishawasha Mission Primary Clinic,ZW030278
me Chisvo Clinic,ZW306340
me Chitate Rural Health Centre,ZW030701
me Chitimbe Clinic,ZW030328
me Chitowa 1 Clinic,ZW030723
me Chitowa 2 Clinic,ZW030724
me Chitsungo Clinic,ZW030329
me Chiunye Rural Health Centre,ZW306020
me Chivhu General Hospital,ZW03010A
me Chivhu ZRP Clinic,ZW301450
me Craiglea Clinic,ZW307300
me Cranborne Clinic,ZW302460
me Dandara Rural Health Centre,ZW307250
me Daramombe Clinic,ZW301910
me Dendera Clinic,ZW306920
me Derbyshire Clinic,ZW309830
me Dewe Council Clinic,ZW030338
me Dimbiti Rural Health Centre,ZW030503
me Dindi Clinic,ZW030391
me Domboshava Rural Health Centre,ZW030202
me Dombotombo,ZW030561
me Dombotombo Council Clinic,ZW305610
me Dombwe Rural Health Centre,ZW307260
me Gamanya Clinic,ZW301280
me Gandachibvuva Mission Hospital,ZW03010E
me Gandami Clinic,ZW301460
me Garaba Rural Health Centre,ZW304010
me Gokomere Clinic,ZW301260
me Goneso Rural Health Centre,ZW304020
me Goromonzi Clinic,ZW030636
me Goromonzi High School Clinic,ZW030205
me Goso Rural Health Centre,ZW030772
me Goto Clinic,ZW304030
me Gotora/Skimpton Clinic,ZW304060
me Gozi Rural Health Centre,ZW603030
me Henry John Reimer Clinic,ZW030247
me Hombiro Clinic,ZW030340
me Hoyuyu II Rural Health Centre,ZW308020
me Hoyuyu I Rural Health Centre,ZW308010
me Hwedza Rural Hospital,ZW03040A
me Idube Clinic,ZW304070
me Igava Council Clinic,ZW030450
me Jekwa Rural Health Centre,ZW030703
me Joan Rankine Clinic,ZW302510
me Jonasi Clinic,ZW030922
me Kadenge Rural Health Centre,ZW030704
me Kadzere Rural Health Centre,ZW030727
me Kafura Rural Health Centre,ZW030301
me Kambarami Rural Health Centre,ZW030749
me Kapondoro Rural Health Centre,ZW308030
me Kapotesa Clinic,ZW306260
me Karimbika Rural Health Centre,ZW030302
me Katsukunya Rural Health Centre,ZW308040
me Kawazva Clinic,ZW308990
me Kawere Rural Health Centre,
me Kondo Rural Health Centre,ZW306040
me Kotwa Clinic,ZW306270
me Kotwa District Hospital,ZW03060A
me Kowo Clinic,ZW308980
me Kowoyo Clinic,ZW030227
me Kubatsirana Clinic,ZW030248
me Kunaka Hospital,ZW03090B
me Kushinga Phikhelela Rural Health Centre,ZW030504
me Kushinga Rural Health Centre,ZW308090
me Lanark Clinic,ZW030984
me Lancashire Clinic,ZW301470
me Luisa Guidotti Mission Hospital,ZW03080E
me Lustleigh Council Clinic,ZW030564
me Macheke Clinic,ZW030745
me Madamombe Clinic,ZW301270
me Madamombe Rural Health Centre,ZW307050
me Mahusekwa District Hospital,ZW03050C
me Makaha Rural Health Centre,ZW306050
me Makanyazingwa Clinic,ZW030923
me Makarara Clinic,ZW304460
me Makosa Rural Hospital,ZW03080C
me Makumbe District Hospital,ZW03020A
me Manyene Clinic,ZW030128
me Manyika Clinic,ZW030330
me Maramba Clinic,ZW030331
me Marembera Rural Health Centre,ZW030304
me Marirangwe Clinic,ZW030924
me Marondera Provincial Hospital,ZW03050A
me Marondera Rural Council Clinic,ZW030528
me Marondera ZRP Clinic,ZW030512
me Masarakufa Rural Health Centre,ZW306060
me Masasa Rural Health Centre,ZW030905
me Masenda Clinic,ZW306280
me Mashambanhaka Clinic,ZW030332
me Masikana Council Clinic,ZW030525
me Masikandoro Clinic,ZW030228
me Matedza Clinic,
me Mathew Rusike Children's Home Clinic,30991
me Matututu Clinic,ZW030731
me Mavhurazi clinic,ZW030637
me Mbiru Clinic,ZW301300
me Melfort Clinic,ZW030274
me Mother of Peace Clinic,ZW308270
me Mt St Mary's Mission Hospital,ZW03040B
me Muchinjike Rural Health Centre,ZW030750
me Muda Clinic,ZW030925
me Mudzi Camp Clinic,ZW030608
me Mudzimurema Rural Health Centre,ZW030505
me Mufudziwakanaka Rural Health Centre,ZW301010
me Mukamba Clinic,ZW304270
me Munamba Rural Health Centre,ZW030706
me Murehwa ZRP Clinic,ZW307080
me Murewa Gvt District Hospital ,ZW03070A
me Murewa Poly,ZW030722
me Murewa Polyclinic,ZW307220
me Mushimbo Rural Health Centre,ZW308060
me Muskwe Clinic,ZW030337
me Musumha Rural Health Centre,ZW030108
me Mutawatawa District Hospital,ZW03030A
me Mutemwa Leprosy Settlement Clinic,ZW308610
me Mutoko District Hospital,ZW03080A
me Mutoro Clinic,ZW301480
me Mwanza Rural Health Centre,ZW030203
me Mwerahari Clinic,ZW301920
me Nehoreka Pvt Clinic,ZW307710
me Ngwerume Rural Health Centre,ZW307320
me Nhakiwa Clinic,ZW030333
me Nhangabwe Clinic,ZW301320
me Nharira Rural Hospital,ZW03010B
me Nhowe Mission Hospital,ZW03070C
me Nyadire Mission Hospital,ZW03080D
me Nyadire Rural Health Centre,ZW308080
me Nyahuku Clinic,ZW306930
me Nyakasoro Clinic,ZW030334
me Nyamanyora Rural Health Centre,ZW306070
me Nyamapanda Border Post,ZW0305NYA
me Nyamapanda Clinic,ZW030629
me Nyamatawa Clinic,ZW306300
me Nyameni Council Clinic,ZW030562
me Nyamhere Rural Health Centre,ZW301030
me Nyamutumbu Rural Health Centre,ZW030728
me Nyamuzizi Rural Health Centre,ZW308070
me Nyamuzuwe Rural Hospital,ZW03080B
me Nyanzou Clinic,ZW030336
me Nyapfunde Clinic,ZW306290
me Nyapfunde Clinic,ZW030639
me Nyarutepo Clinic,30640
me Nyaure Clinic,ZW302290
me Nyembanzvere Council Clinic,ZW030563
me Nzira Rural Health Centre,ZW308100
me Pagejo RaRuby Clinic,ZW030276
me Philipsdale Clinic,ZW030151
me Pokoteke Clinic,ZW301330
me Pote Clinic,ZW302300
me Rakodzi Pvt Clinic,ZW030588
me Range Rural Health Centre,ZW03010C
me Ridigita Farm Prison Clinic,ZW030513
me Ringa Rural Health Centre,ZW309040
me Robert Gabriel Mugabe International Airport,ZW0308RGM
me Rusike Clinic,ZW030249
me Rutanhira Clinic,ZW301340
me Sadza District Hospital,ZW03010D
me Sango Clinic,ZW304080
me Sengezi Rural Health Centre,ZW304050
me Shambamuto Rural Health Centre,ZW030729
me Shinga Clinic,ZW306320
me Shumba Clinic,ZW301350
me Sowa Rural Health Centre,ZW030303
me St Dominics Chishawasha School Clinic,ZW030279
me St Joseph's Clinic,ZW030252
me St Paul's Musami Mission Hospital,ZW03070B
me St Pius Clinic,ZW306250
me Suswe Clinic,ZW306330
me Tavara Clinic,ZW030150
me Tavara Clinic,ZW301290
me Tsokodeka clinic,ZW030339
me Unyetu Clinic,ZW301360
me Virginia Clinic,ZW030746
me Waddilove Clinic,ZW030586
me Waterloo Clinic,ZW030747
me Wazvaramhaka Clinic,ZW301370
me Welcome Home Rural Health Centre,ZW307480
me Wenimbi Rural Health Centre,ZW030506
me Wiltshire Clinic,ZW301490
me Xanadu Clinic,ZW030281
me Zhakata Rural Health Centre,ZW030902
me ZN Army Camp Clinic Mutoko,
me ZPS Chivhu Prison Clinic,ZW030106
me ZPS Goromonzi Clinic,ZW030277
me ZPS Mutoko Prison Clinic,ZW3081130
me ZPS Ridigita Prison Clinic,
me Zvamatobwe Rural Health Centre,ZW301040
me Zviduri Clinic,ZW304470
mi Al Davies Clinic,ZW070586
mi Amaveni Clinic,ZW070561
mi Banga Clinic,ZW070725
mi Bannockburn Clinic,ZW070881
mi Bata Clinic Private,ZW070451
mi Bonda Clinic,ZW070625
mi Buchwa Camp Clinic,ZW070679
mi Burure Clinic,ZW070294
mi Central Estates Clinic,ZW070186
mi Chabwira Clinic,ZW070626
mi Chaza Clinic,ZW070642
mi Chemahororo Clinic,ZW070325
mi Chengwena Clinic,ZW070125
mi Cheziya Clinic,ZW070313
mi Chidembeko Clinic,ZW070627
mi Chiedza Clinic,ZW070640
mi Chikato Rural Health Centre,ZW070701
mi Chikwingwizha Mission Hospital,ZW07040C
mi Child Welfare Clinic,ZW070469
mi Child Welfare Clinic,ZW070461
mi Chilimanzi Rural Hospital,ZW0701B
mi Chinamasa Clinic,ZW070424
mi Chingezi Clinic,ZW070628
mi Chireya Mission Hospital,ZW07020B
mi Chironde Rural Health Centre,ZW070702
mi Chitapo Clinic,ZW070307
mi Chitave Clinic,ZW070316
mi Chitora Rural Health Centre,ZW070703
mi Chiwundura Clinic,ZW070425
mi Chizhou Clinic,ZW070101
mi Chrome Mine Hospital,ZW07070C
mi Claybank Private Hospital,ZW07040E
mi Community Polyclinic,
mi Dabuka NRZ Clinic,ZW070481
mi Dambudzo Clinic,ZW070831
mi Dayataya RHC Clinic,ZW070832
mi Denda Clinic,ZW074291
mi Dendera Rural Health Centre,ZW070501
mi Denhere Clinic,ZW070102
mi Donjuan Clinic,ZW070525
mi Donza Rural Health Centre,ZW070502
mi Dorset Rural Health Centre,ZW070798
mi Driefontein Mission TB Hospital,ZW0701C
mi Drinkwater Nursing Home,ZW070878
mi Exchange Clinic,ZW070526
mi Five Maintenance Clinic,ZW070409
mi Gaha Clinic,ZW070676
mi Gaika Clinic,
mi Gandavaroyi Clinic,ZW070212
mi Gawa Clinic,ZW070326
mi Globe and Phoenix Clinic,ZW070551
mi Gokwe North District Hospital,ZW0702A
mi Gokwe South District Hospital,ZW07030A
mi Gokwe South Population Services Zimbabwe,ZW070324
mi Gokwe South ZRP Camp Clinic,ZW070315
mi Golden Quarry Mine Clinic,ZW070779
mi Gomola Clinic,ZW070583
mi Goredema Clinic,ZW074392
mi Gudo Clinic,ZW070825
mi Gumunyu Clinic,ZW072727
mi Gunde Rural Health Centre,ZW070401
mi Gundura Clinic,ZW070726
mi Guramatunhu Clinic,ZW070106
mi Gwanyika Rural Health Centre,ZW070301
mi Gwanza Rural Health Centre,ZW070704
mi Gwarawa Rural Health Centre,ZW070601
mi Gweru City,
mi Gweru District Hospital,ZW07040B
mi Gweru Infectious Diseases Hospital,ZW07040D
mi Gweru NRZ Clinic,ZW070485
mi Gweru Provincial Camp Clinic,
mi Gweru Provincial Hospital OPD,ZW07040A
mi Gweru ZRP Clinic,ZW070416
mi Health And Healing Medical Centre,ZW070329
mi Holy Cross Mission Hospital,ZW0701D
mi Huchu Clinic,ZW070397
mi Imbahuru Clinic,ZW070632
mi Impali Clinic,ZW070777
mi Ingezi Clinic,ZW070635
mi Jahana Clinic,ZW070319
mi Jeka Rural Hospital,ZW07060B
mi Jena Mines Clinic,ZW070577
mi Jiri/ndoza Clinic,ZW070328
mi Jobolinko Clinic,ZW070745
mi Kabanga Rural Health Centre,ZW070402
mi Kadzidirire Rural Health Centre,ZW070202
mi Kahobo Clinic,ZW072929
mi Kana Mission Hospital,ZW07030C
mi Katema RDC,ZW070314
mi Kotokwe Rural Health Centre,ZW070608
mi Krima Clinic,ZW070330
mi Kuwirirana Clinic,ZW073131
mi Kwekwe General Hospital,ZW07050A
mi Kwekwe ZRP Clinic,ZW070587
mi Lalapanzi Clinic,ZW070145
mi Lower Gweru Clinic,ZW070491
mi Lundi Rural Hospital,ZW0708B
mi Lynwood Clinic,ZW070103
mi Maboleni Clinic,ZW070426
mi Madikani Clinic,ZW070427
mi Madzivazvido Rural Health Centre,ZW070203
mi Makepesi Clinic,ZW070428
mi Maketo Rural Health Centre,ZW070801
mi Makusha Clinic,ZW070746
mi Makuwerere Clinic,ZW070629
mi Malisa Joshepha Clinic,ZW070527
mi Malisa Zhombe Clinic,ZW070528
mi Mandava Health Centre,ZW070802
mi Mangidi Clinic,ZW070332
mi Mangwandi Rural Health Centre,ZW070403
mi Manoti Clinic,ZW070333
mi Manyoni Clinic,ZW070393
mi Mapanzure Clinic,ZW070827
mi Mapiravana Clinic,ZW070128
mi Marira Clinic,ZW070833
mi Marishongwe Rural Health Centre,ZW070705
mi Masase Mission Hospital,ZW07060C
mi Mashame Rural Health Centre,ZW071005
mi Masuka Clinic,ZW070334
mi Masvori Rural Health Centre,ZW070404
mi Mataga Health Centre,ZW070602
mi Matedzi Clinic,ZW070630
mi Mateme SDA Clinic,ZW070317
mi Matenda Rural Health Centre,ZW070803
mi Mateta Rural Health Centre,ZW070306
mi Mavorovondo Rural Health Centre,ZW070603
mi Mayoka Clinic,ZW070509
mi Mazebe Rural Health Centre,ZW070503
mi Mazibisa Clinic,ZW070727
mi Mazivofa Clinic,ZW070631
mi Mberengwa District Hospital,ZW07060A
mi Mberengwa Hospital,ZW0706A
mi Mbizo I Clinic,ZW070562
mi Mbizo II Clinic,ZW070563
mi Medpark Surgery Clinic,ZW070354
mi Mhondongori Rural Health Centre,ZW070887
mi Midlands Private Hospital,ZW07040F
mi Midlands State University Clinic,ZW070407
mi Mimosa Clinic,ZW070877
mi Mketi Clinic,ZW070633
mi Mkoba I Clinic,ZW070462
mi Mkoba PolyClinic,ZW070463
mi Mkoka Clinic,ZW070323
mi Mlezu Clinic,ZW070553
mi Mnene Mission Hospital,ZW07060D
mi Monomutapa Clinic,ZW070464
mi Mpinda Clinic,ZW070506
mi Mponjani Clinic,ZW070638
mi Mposi Clinic,ZW070639
mi Mrowa Clinic,ZW070828
mi Msala Clinic,ZW070335
mi Msilahobe Rural Health Centre,ZW070504
mi MSU Clinic,
mi Mtambi Clinic,ZW070829
mi Mtanke Clinic,ZW070343
mi Munyati Clinic,ZW070585
mi Murongwe Rural Health Centre,ZW070604
mi Musadzi Rural Health Centre,ZW070904
mi Musena Rural Health Centre,ZW070109
mi Musita Clinic,ZW070336
mi Musume Mission Hospital,ZW07060E
mi Mutora Mission Hospital,ZW07020D
mi Muvonde Mission Hospital,ZW0701E
mi Mvuma District Hospital,ZW0701A
mi Mwanezi Rural Health Centre,ZW070605
mi Ndavambi Clinic,ZW070309
mi Ndhlalambi RDC,ZW070310
mi Nectacare Highlands Family  Clinic,70899
mi Negove Clinic,ZW070634
mi Neighbourhood Surgery,
mi Neta Clinic,ZW070643
mi Ngungumbane Clinic,ZW070636
mi Nhema Clinic,ZW070728
mi Njelele clinic,ZW070318
mi Nkululeko Rural Health Centre,ZW070405
mi Norah Rural Health Centre,ZW071207
mi Ntabamhlope Rural Health Centre,ZW070406
mi Ntabeni Clinic,ZW070529
mi Nyaje Rural Health Centre,ZW070308
mi Nyama Clinic,ZW070447
mi Nyamhunga Clinic,ZW070337
mi Nyaradza Clinic,ZW070320
mi Nyautonge Rural Health Centre,ZW070104
mi Nyikavanhu Clinic,ZW070105
mi Nyoni Rural Health Centre,ZW070505
mi Pakame Clinic,ZW070792
mi Pfende Clinic,ZW070466
mi PSI New Start Centre,ZW070465
mi PSMAS clinic,
mi Redcliff Clinic,ZW070559
mi Rio Tinto Clinic,ZW070552
mi RIVERDALE CLINIC,
mi Rockford Clinic,ZW070747
mi Rubatsiro Clinic,ZW070298
mi Rubi Clinic,ZW070423
mi Ruchanyu Clinic,
mi Rusike Rural Health Centre,ZW070706
mi Rutendo Clinic,ZW070564
mi Rutendo Polyclinic,ZW070879
mi Ruvimbo Poly Clinic,
mi Sabi Mine Clinic,ZW070876
mi Sai Clinic,ZW070338
mi Samambwa Clinic,ZW070530
mi Sandawana Clinic,ZW070678
mi Sanyati Mine Clinic,
mi Sebakwe Clinic,ZW070565
mi Senga Clinic,ZW070467
mi Senkwazi Clinic,ZW070531
mi Sessami Clinic,ZW070396
mi Shabani Mine Hospital,ZW07080C
mi Shekinah Clinic,ZW070534
mi Shekinah Clinic,
mi Sherwood Clinic,ZW070566
mi Sidakeni Clinic,ZW070532
mi Sigezibubi Clinic,ZW070589
mi Silobela District Hospital,ZW07050B
mi Silobela Jackson Clinic,ZW070533
mi Simchembu Rural Health Centre,ZW071611
mi Sino Zimbabwe Clinic,ZW070486
mi Siyahokwe Clinic,ZW070127
mi Somabhula Clinic,ZW070445
mi St Patrick's Clinic,ZW070492
mi St Theresa Mission Hospital,ZW0701F
mi Svika Rural Health Centre,ZW070709
mi Svisvi Clinic,ZW070311
mi Svita Clinic,ZW070637
mi Tana Rural Health Centre,ZW070707
mi Thornhill Airbase Hospital,
mi Tiger Reef Clinic,ZW070584
mi Tokwe 4 Clinic,ZW070108
mi Tokwe Clinic,ZW070748
mi Tongwe Clinic,ZW070339
mi Topomazi Clinic,ZW070588
mi Topomazi Clinic,ZW070580
mi Torwood Clinic,ZW070554
mi Totonga Clinic,ZW070468
mi Tsungai Rural Health Centre,ZW071510
mi Tumbire Clinic,ZW070422
mi Unki Clinic,ZW070780
mi Vugwi Rural Health Centre,ZW070804
mi Vukuzenzele Rural Health Centre,ZW070805
mi Vungu Clinic,ZW070446
mi Vungu District Mobile,ZW070448
mi Vurasha Rural Health Centre,ZW070606
mi Vutsanana Clinic,ZW070641
mi Wanezi Rural Health Centre,ZW070607
mi Welezi Clinic,ZW070830
mi Zhamba Clinic,ZW070312
mi Zhaugwe Rural Health Centre,ZW070710
mi Zhomba Clinic,ZW074040
mi Zhombe Mission Hospital,ZW07050C
mi Zibagwe Rural District Council Clinic,ZW070557
mi ZIMASCO Private Clinic,ZW070151
mi ZPS Connemara Prison Clinic,ZW070413
mi ZPS Kwekwe Prison Clinic,ZW070590
mi ZPS Mberengwa Prison Clinic,ZW307070
mi ZPS Mberengwa Prison Clinic,ZW070680
mi ZPS Shurugwi Prison Clinic,ZW070776
mi ZPS Thornhill Prison Clinic,ZW070417
mi ZPS Whawha Prison Clinic,ZW070414
mi ZPS Whawha Prison Young Offenders Clinic,ZW070415
mi ZPS Zvishavane Prison Clinic,ZW070880
mi ZRP Gokwe Clinic,
mi ZRP Kwekwe clinic,
mi Zumba Clinic,ZW072320
mi Zumba Clinic,ZW070211
mi Zvamabande Rural Hospital,ZW0706B
mi Zvarota Rural Health Centre,ZW070708
mi Zvishavane District Hospital,ZW070808
mi Zvishavane ZRP Clinic,ZW070885
mi Zviumwa RDC clinic,ZW070781
mn Balanda Clinic,ZW050227
mn Bemba Clinic,ZW050699
mn Bhumane Clinic,ZW090732
mn Binga District Hospital,ZW05010A
mn Bona Clinic,ZW050229
mn Bubude Clinic,ZW050625
mn CBDS ZNFPC Clinic,ZW050339
mn CHEFUNYE COUNCIL CLINIC,
mn Chibila Clinic,ZW050199
mn Chinego Rural Health Centre,ZW050108
mn Chinego Rural Health Centre,ZW050106
mn Chinotimba Clinic,ZW050362
mn Chipale Clinic,ZW050197
mn Chisizya Clinic,ZW0501100
mn Chisuma RHC,ZW050301
mn Chunga Rural Health Centre,ZW050101
mn Dakamela Rural Hospital,ZW05050B
mn Dandanda Rural Health Centre,ZW050402
mn Dete NRZ Clinic,ZW050381
mn Dete RHC,ZW050326
mn Dinde RHC,ZW050327
mn Dlamini Clinic,ZW050626
mn Dongamuzi Rural Health Centre,ZW050403
mn Elephant Hills Clinic,ZW050316
mn Empumalanga Clinic,ZW050361
Mnene Outreach,
mn Famona Clinic,ZW050232
mn Fanisoni Clinic,ZW050525
mn Fatima Mission Clinic,ZW050491
mn Fingo Clinic,ZW050726
mn Gomoza Rural Health Centre,ZW050404
mn Guwe Clinic,ZW050532
mn Gwaai Rural Health Centre,ZW050492
mn Gwelutshena Clinic,ZW050533
mn Hwange Colliery,
mn Hwange Colliery Hospital,ZW05030D
mn Hwange Medical Center,50395
mn Hwange NRZ Surgery Clinic,ZW050383
mn Igusi Rural Health Centre,ZW050703
mn Inyathi District Hospital,ZW05020A
mn Isabella Mine Clinic,ZW050256
mn Jambezi RHC,ZW050302
mn Jimila RHC,ZW050628
mn Jotsholo Clinic,ZW050426
mn Kamativi RHC,ZW050337
mn Kanyandavu Rural Health Centre,ZW050405
mn Kanywambizi RHC,ZW050303
mn Kapane Clinic,ZW050696
mn Kariyangwe Mission Hospital,ZW05010C
mn Kazungula border post,ZW000KAZ
mn Kenilworth Clinic,ZW050231
mn Lake-Alice Clinic,ZW050428
mn Lesedi RHC,ZW050399
mn Lozikeyi Clinic,ZW050724
mn Lubimbi Rural Health Centre,ZW050102
mn Lukala Rural Health Centre,ZW050201
mn Lukosi Rural Hospital,ZW05030B
mn Lukunguni Clinic,ZW050391
mn Lupaka,ZW050407
mn Lupane Medical Centre,ZW0504P1
mn Lupane Mobile A,
mn Lupane Rural Health Centre,ZW050406
mn Lupane State University Clinic,ZW0504P002
mn Lupane ZNFPC Clinic,
mn Lupote Clinic,ZW050330
mn Lusulu Rural Health Centre,ZW050103
mn Lutsha Clinic,ZW050535
mn Mabale Clinic,ZW050335
mn Maboleni Clinic,ZW050730
mn Madlangombe Clinic,ZW050629
mn Main Camp Clinic,ZW050331
mn Majiji Clinic,ZW050228
mn Makhaza Rural Health Centre,ZW050603
mn Mateme Rural Health Centre,ZW050502
mn Mbembesi Rural health Centre,ZW050733
mn Mbuma Mission Hospital,ZW05050C
mn Mbuma Mobile,
mn Mdlankuzi Clinic,ZW050427
mn Mdutshane Rural Health Centre,ZW050230
mn Membeswana Rural Health Centre,ZW050202
mn Milonga Rural Health Center,ZW050328
mn Mlagisa Rural Health Centre,ZW050604
mn Mpanedziba Clinic,ZW050697
mn Mtshayeli Rural Health Centre,ZW050605
mn Muchesu Rural Health Centre,ZW050104
mn Mwakandara Rural Health Centre,ZW050304
mn Mwemba Rural Health Centre,ZW050305
mn Mwemba Rural Health Centre,ZW060709
mn Nesigwe Clinic,ZW050526
mn Ngamo Clinic,ZW050627
mn Ngwaladi Rural Health Centre,ZW050503
mn Nkayi District Hospital,ZW05050A
mn Nkayi Mobile,
mn Nkunzi Clinic,ZW050630
mn No 1 Clinic,ZW050341
mn NO 1 NORTH CLINIC,ZW050392
mn NO 1 NORTH CLINIC,ZW050340
mn NO 2 DR STATION,ZW050358
mn NO 3 CLINIC,ZW050395
mn NO 5 CLINIC,ZW050396
mn NRZ Inguminja Clinic,ZW050382
mn Ntabazinduna Clinic,ZW050729
mn Nyamandlovu District Hospital,ZW05070A
mn Nyamandlovu Mobile,
mn Open Cast DR STATION,ZW050346
mn Pashu Clinic,ZW050125
mn Phumula Mission Hospital,ZW05060C
mn Pvt Unicem Clinic,ZW050753
mn Raafs Rural Health Centre,ZW050203
mn Redwood Clinic,ZW050798
mn Redwood Clinic,ZW050728
mn Safari Lodge Clinic,ZW050363
mn Samahuru Mission Clinc,ZW050633
mn Sebhumane Clinic,ZW050732
mn Sesemba Clinic,ZW050534
mn Shaba Clinc,ZW050634
mn Shekinah Nurse's Polyclinic,ZW050258
mn Siabuwa Rural Hospital,ZW05010B
mn Siabuzuba Rural Health Centre,ZW050198
mn Siabuzuba Satelite Rural Health Centre,ZW050109
mn Siadindi Rural Health Centre,ZW050195
mn Siansundu Rural Health Centre,ZW050105
mn Sidinda Rural Health Center,ZW050329
mn Siganda Clinic,ZW050226
mn Sikente Clinic,ZW050698
mn Sikhobokhobo Clinic,ZW050528
mn Simangane Clinic,ZW050333
mn Simatelele Rural Health Centre,ZW050192
mn Sinakoma Clinic,ZW050191
mn Siphepha Rural Hospital,ZW05060B
mn Sivalo Rural Health Centre,ZW050505
mn Sodaka Rural Health Centre,ZW050606
mn Songwa RHC,ZW050336
mn St James Mission Clinic,ZW050791
mn St Luke's Mission Hospital,ZW05040B
mn St Patricks Mission Hospital,ZW05030C
mn St Pauls,ZW05040A
mn TG Silundika Clinic,ZW050781
mn The Health Bridge,ZW05030E
mn Tinde Clinic,ZW050190
mn Tshefunye Clinic,ZW050635
mn Tshitatshawa Clinic,ZW050624
mn Tsholotsho District Hospital,ZW05060A
mn Tsholotsho Urban,ZW050631
mn Tshongogwe,ZW05040C
mn Turk Mine Clinic,ZW050257
mn Umguza Council Clinic ,ZW050750
mn Victoria falls A,ZW000VICA
mn Victoria falls B,ZW000VICB
mn Victoria Falls District Hospital,ZW05030A
mn Vova Rural Health Centre,ZW050536
mn Wellness Clinic,ZW050312
mn Zenka Rural Health Centre,ZW050506
mn Zesa Chibondo Clinic,ZW050359
mn ZESA Ingagula Clinic,ZW050360
mn Zinyangeni Clinic,ZW050529
mn ZNA Imbizo Camp Hospital,ZW050765
mn ZNA Induna Clinic,ZW050797
mn ZPS Anju Rural Health Centre,ZW050711
mn ZPS Binga Prison Clinic,ZW050110
mn ZPS Bulawayo Prison Clinic,
mn ZPS Khami Max Prison Hospital,ZW050795
mn ZPS Khami Medium Prison Clinic,ZW050794
mn ZPS Khami Prison Staff Hospital,ZW050799
mn ZPS Khami Remand Prison Clinic,ZW050793
mn ZPS Lupane Prison Clinic,
mn ZPS Mlondolozi Prison Clinic,ZW050796
mn ZPS Nkayi Prison Clinic,ZW050537
mn ZPS Ntabazinduna Prison Clinic,ZW050785
mn ZPS Tsholotsho Prison Clinic,
mn ZRP Fairbridge Rural Health Centre,ZW050752
mn ZRP Hwange,ZW050307
mn ZRP Ntabazinduna Rural Health Centre,ZW050754
mn ZRP Rosecamp Clinic,ZW050720
mn ZRP Victoria Falls,ZW050306
ms Amazon,ZW060430
ms Avoca Rural Hospital,ZW06040C
ms Bazha Mission Clinic,ZW060592
ms Beitbridge border,ZW000BTB
ms Beitbridge District Hospital,ZW06010A
ms Beitbridge NRZ Clinic,ZW060181
ms Beitbridge ZRP Clinic,ZW060108
ms Beula-seula Rural Health Centre,ZW060504
ms Blanket Clinic,ZW060376
ms Buvuma Clinic,ZW060325
ms Chamnangana clinic,ZW060177
ms Chaswingo Clinic,ZW060125
ms Chikwalakwala Rural Health Centre,ZW060101
ms Chitulipasi Rural Health Centre,ZW060102
ms Colleen-bawn Clinic,ZW060377
ms Cyrene Mission Clinic,ZW060594
ms Dingumuzi Clinic,ZW060745
ms Dite Rural Health Centre,ZW060103
ms Dombodema,ZW060225
ms Dula Clinic,ZW060635
ms Dulibadzimu Satelite Clinic,ZW060126
ms Ekukhanyeni Clinic,ZW060505
ms Embakwe Mission Hospital,ZW06070E
ms Empandeni Mission Clinic,ZW060792
ms Esibomvu Clinic,ZW060625
ms Esigodini District Hospital,ZW06060A
ms Filabusi District Hospital,ZW06040A
ms Fumugwe Clinic,ZW060506
ms Garanyemba Clinic,ZW060331
ms GSU CLINIC,
ms Gulati Rural Health Center,ZW060581
ms Gungwe RHC,ZW060301
ms Gwanda Provincial Hospital,ZW06030A
ms Gwanda State University,ZW060408
ms Gwanda ZNFPC Clinic,ZW060309
ms Gwanda ZRP Clinic,ZW060307
ms Gwatemba Rural Health Centre,ZW060402
ms Habane Clinic,ZW060626
ms Hingwe Rural Health Centre,ZW060220
ms Homestead Rural Health Centre,ZW060503
ms How Mine Clinic,ZW060676
ms Huwana Clinic,ZW060202
ms Ingwizi Rural Health Centre,ZW060703
ms Insiza Rural Health Centre,ZW060403
ms Irrisvale RHC,ZW060632
ms Izimnyama Clinic,ZW060729
ms Jessie Clinic,ZW060379
ms JM Polytech Clinic,ZW060383
ms Kafusi Clinic,ZW060326
ms Kezi Rural Hospital,ZW06050B
ms Kombo Health Post,ZW060428
ms Kumbudzi RHC,ZW060601
ms Lady Barring Rural Hospital,ZW06020B
ms Lady Stanley Rural Hospital,ZW06020C
ms Lushongwe Clinic,ZW060333
ms Mabuze Rural Health Centre,ZW060404
ms Macingwana RHC,ZW060735
ms Madabe Clinic,ZW060727
ms madlambudzi,ZW060228
ms Majini Rural Health Centre,ZW060104
ms Makakabule Clinic,ZW060176
ms Makhulela Rural Health Centre,ZW060204
ms Makombe Clinic,ZW060178
ms Makwe RHC,ZW060302
ms Malabe Health post,ZW060183
ms Manama Mission Hospital,ZW06030B
ms Maninji Clinic,ZW060734
ms Mapate Clinic,ZW060329
ms Mapate Clinic,ZW060366
ms Maphisa District Hospital,ZW06050A
ms Marula Clinic,ZW060705
ms Masendu Clinic,ZW060235
ms Mashaba Clinic,ZW060327
ms Masiye Clinic,ZW060593
ms Matjinge Rural Health Centre,ZW060206
ms MATOBO MISSION CLINIC,
ms Matopo Mission Clinic,ZW060591
ms Matopo Rural Hospital,ZW06050C
ms Mawabeni Clinic,ZW060627
ms Mayobodo Rural Health Centre,ZW060707
ms Mbembeswane Clinic,ZW060525
ms Mbizingwe RHC,ZW060602
ms Mbondo,ZW060431
ms Mhlahlandlela Clinic,ZW060628
ms Mpisini RHC,ZW060605
ms Mtetengwe Clinic,ZW060179
ms Mtshabezi Mission Hospital,ZW06030C
ms Mzimuni Clinic,ZW060328
ms Mzingwane RHC,ZW060606
ms Natisa Rural Health Centre,ZW060501
ms Ndabankulu Clinic,ZW060508
ms Ndiweni Clinic,ZW060230
ms Nhlangano Clinic,ZW060629
ms Nhwali RHC,ZW060303
ms Nkankezi Rural Health Centre,ZW060405
ms Nottingham Rural Health Centre,ZW060109
ms Nswazi Clinic,ZW060630
ms Nswazwi Rural Health Centre,ZW060208
ms Ntshamathe Clinic,ZW060631
ms Nyamime Rural Health Centre,ZW060406
ms Phakama,ZW060362
ms Plumtree border,ZW000PLT
ms Plumtree Border Post Clinic,ZW060710
ms Plumtree District Hospital,ZW06070A
ms Sanale Rural Health Centre,ZW060407
ms Sankonjane Rural Health Centre,ZW060502
ms Sanzukwi Clinic,ZW060733
ms Saphila RDC,ZW060429
ms Selonga Clinic,ZW060363
ms Sengezane Clinic,ZW060330
ms Shabwe,ZW060106
ms Shale Clinic,ZW060636
ms Shangani Clinic,ZW060477
ms Shangani Rural Hospital,ZW06040B
ms Shashe Clinic,ZW060129
ms Sikhathini Clinic,ZW060231
ms Silozwi Clinic,ZW060507
ms Simbumbumbu RHC,ZW060305
ms Singwambizi Clinic,ZW060427
ms Singwango Clinic,ZW060425
ms Sitezi Clinic,ZW060368
ms Sitezi Clinic,ZW060367
ms Solusi Mission Clinic,ZW060291
ms Stanmore RHC,ZW060306
ms St Annes Mission Hospital (Brunapeg),ZW06070D
ms St Joseph's Mission Hospital,ZW06050E
ms Swereki Clinic,ZW060127
ms Tokwana Clinic,ZW060236
ms Tongwe Clinic,ZW060130
ms Tshabili clinic,ZW060180
ms Tshelanyemba Mission Hospital,ZW06050D
ms Tshitshi Clinic,ZW060732
ms Umzingwane ZNA Clinic,ZW060603
ms Village 13 Rural Health Centre,ZW060201
ms Vumbachikwe Clinic,ZW060380
ms Wanezi Mission Hospital,ZW06040D
ms Wellness Centre,ZW060182
ms West Nicholson Clinic,ZW060382
ms Zezani Clinic,ZW060131
ms Zhulube Clinic,ZW060426
ms Zimbili clinic,ZW060634
ms ZPS Beitbridge Prison Clinic,ZW060105
ms ZPS Gwanda Prison Clinic,ZW060304
ms ZPS Plumtree Prison Clinic,ZW060793
ms ZRP Plumtree Clinic,ZW060794
mv 41st Brigade Clinic,ZW805090
mv Alvord Rural Health Centre,ZW805010
mv Bere Clinic,ZW080530
mv Berejena Mission Hospital,ZW08030C
mv Bikita Epi Mobile,ZW080120
mv Bikita Minerals Clinic,ZW801760
mv Bikita Rural Hospital,ZW08010A
mv Bondolfi Clinic,ZW080591
mv Bota Clinic,ZW080725
mv Boterere Clinic,ZW080631
mv Bubye River Ranch Clinic,ZW806330
mv Bvukururu Clinic,ZW080726
mv Bwanya Clinic,ZW080336
mv Chambuta Clinic,ZW802010
mv Charumbira Clinic,ZW080525
mv Chasiyatende Clinic,ZW080317
mv Chatikobo Clinic,ZW080526
mv Cheshuro Clinic,ZW080425
mv Chibvedziva Clinic,ZW802250
mv Chifedza Clinic,ZW080325
mv Chifedza Clinic,ZW080320
mv Chigwikwi Rural Health Centre,ZW080302
mv Chikombedzi Mission Hospital,ZW08020B
mv Chikuku Rural Hospital,ZW08010B
mv Chilonga Rural Health Centre,ZW080202
mv Chimbudzi Rural Health Centre,ZW080601
mv Chimombe Rural Hospital,ZW08040B
mv Chingele Clinic,ZW802920
mv Chingwizi Clinic,ZW080608
mv Chinyabako Clinic,ZW807270
mv Chinyika Rural Hospital,ZW08040D
mv Chipinda Rural Health Centre,ZW807010
mv Chipiri Clinic,
mv Chipiwa,ZW080226
mv Chipiwa Clinic,ZW802260
mv Chiredzana Clinic,ZW080729
mv Chiredzi District Hospital,ZW08020A
mv Chiredzi NRZ Clinic,ZW82850
mv Chirindi Rural Health Centre,ZW080602
mv Chirogwe Clinic,ZW080322
mv Chirorwe Rural Health Centre,ZW801010
mv Chisase Clinic,ZW805370
mv Chitando Rural Health Centre,ZW080408
mv Chitasa Clinic,ZW801250
mv Chitsa Clinic,ZW802320
mv Chivi District Hospital,ZW08030A
mv Chivi Hospital,ZW08030B
mv Chivi Mission Clinic,ZW080391
mv Chiwore Rural Health Centre,ZW080434
mv Chizumba Rural Health Centre,ZW806030
mv Chizvirizvi Rural Health Centre,ZW080204
mv Chompani Clinic,ZW802350
mv Damarakanaka Clinic,ZW802020
mv Dambara Clinic,ZW080437
mv Davata Rural Health Centre,ZW080205
mv Davira Clinic,ZW080326
mv Denhere Clinic,ZW080426
mv Dewure Clinic,ZW080427
mv Dewure II Rural Health Centre,ZW801030
mv Dewure I Rural Health Centre,ZW801020
mv Dumisa Clinic,ZW802280
mv Faversham Clinic,ZW080211
mv G and N Clinic,ZW806830
mv Gangare Rural Health Centre,ZW801340
mv Gaths Mine Hospital,ZW08050F
mv Gava Rural Health Centre,ZW801350
mv Gokomere Mission Clinic,ZW08050E
mv Gororo Clinic,ZW080334
mv Great Zimbabwe University Clinic,ZW805140
mv Great Zimbabwe University Mashava Campus,ZW805160
mv Gumbo,ZW080734
mv Gundura Clinic,ZW805270
mv Guni Clinic,ZW08040F
mv Gurajena Rural Health Centre,ZW080541
mv Gutu Mission Hospital,ZW08040E
mv Gutu Population Health Clinic,
mv Gutu Rural Hospital,ZW08040A
mv Guwa Rural Health Centre,ZW080540
mv Harava Rural Health Centre,ZW080702
mv Hippo Valley Private Hospital,ZW08020C
mv Hozvi Clinic,ZW801260
mv Jerera,ZW080739
mv Jerera Satellite Clinic,ZW807390
mv Jichidza Council Clinic,ZW807320
mv Jichidza Mission Clinic,ZW807910
mv Lundi Clinic,ZW080692
mv Madamombe Clinic,ZW080327
mv Madzivadondo Clinic,ZW080319
mv Mageza Clinic,ZW080740
mv Magombedze Chitsa Clinic,ZW080435
mv Magombedze Clinic,ZW080428
mv Majada Rural Health Centre,ZW080402
mv Makambe Clinic,ZW802340
mv Malipati Rural Health Centre,ZW802070
mv Mandamabwe Rural Health Centre,ZW080303
mv Mandara Clinic,ZW801270
mv Mandhloro Clinic,ZW080741
mv Mapanzure Clinic,ZW080528
mv Maranda Clinic,ZW080691
mv Maranda Sub Rural Health Centre,ZW080604
mv Marinda Clinic,ZW806320
mv Marozva Clinic,ZW801280
mv Mashoko Mission Hospital,ZW08010C
mv Masinire Clinic,ZW080321
mv Masvingo City,
mv Masvingo Polytechnic College Clinic,ZW805110
mv Masvingo Provincial Hospital,ZW08050A
mv Masvingo Royal Women's Clinic,ZW805780
mv Masvingo Rural District Council Mobile,
mv Masvingo Teachers' College Clinic,ZW805100
mv Masvingo ZNFPC Clinic,ZW805790
mv Masvingo ZRP Clinic,ZW805080
mv Matibi Mission Hospital,ZW08060B
mv Matizha Rural Health Centre,ZW080403
mv Matomuse Clinic,
mv Mavizhu Clinic,ZW805210
mv Mazetese Clinic,ZW806250
mv Mazorodze Clinic,ZW805280
mv Mazuru Clinic,ZW080429
mv Mhlanguleni Rural Health Centre,ZW080208
mv Mkwasine Clinic,ZW080282
mv Mlelezi Clinic,ZW080630
mv Morgenster Mission Hospital,ZW08050D
mv Mukanga Rural Health Centre,ZW801040
mv Mukaro Mission Clinic,ZW080493
mv Mukore Rural Health Centre,ZW801050
mv Mukosi Rural Health Centre,ZW805020
mv Mungezi Rural Health Centre,ZW801320
mv Munyamani Rural Health Centre,ZW806070
mv Munyikwa Clinic,ZW080430
mv Mupamaonde clinic,ZW801360
mv Murinye Clinic,ZW805310
mv Murove Clinic,ZW806290
mv Mushandike Rural Health Centre,ZW080503
mv Mushava Clinic,ZW806270
mv Mushaviri Rural Health Centre,ZW080401
mv Mushaya Clinic,ZW807330
mv Musiso Mission Hospital,ZW08070C
mv Musvovi Rural Health Centre,ZW080504
mv Mutero Mission Hospital,ZW080492
mv Mutero Rural Health Centre,
mv Muteyo Rural Health Centre,ZW080209
mv Muteyo Rural Health Centre,ZW802090
mv Mutikizizi Rural Health Centre,ZW080133
mv Mutimurefu Rural Health Centre,ZW805050
mv Muvava Clinic,ZW801080
mv Mwenezana Clinic,ZW806820
mv Mwenezi Clinic,ZW080628
mv Mwenezi EPI Mobile,
mv Ndanga Clinic,ZW807340
mv Ndanga District Hospital,ZW08070A
mv Negovani Clinic,ZW801300
mv Nehanda Rural Health Centre,ZW080605
mv Nemamwa Rural Health Centre,ZW080506
mv Nemashakwe Rural Health Centre,ZW080405
mv Nemauku Rural Health Centre,ZW807030
mv Neromwe Clinic,ZW802390
mv Neshuro District Hospital,ZW08060A
mv Ngomahuru Psychiatric Hospital,ZW08050B
mv Ngomahuru Rural Health Centre,ZW080544
mv Ngorima Rural Health Centre,ZW801070
mv Ngundu Rural Health Centre,ZW080304
mv Nhema Clinic,ZW807350
mv North West ,
mv Northwest medical clinic,ZW080584
mv Nyahombe Rural Health Centre,ZW080308
mv Nyajena Rural Hospital,ZW08050C
mv Nyakunhuwa Clinic,ZW080736
mv Nyamande Clinic,ZW080542
mv Nyangambe Rural Health Centre,ZW080210
mv Nyazvidzi Clinic,ZW080431
mv Nyika Rural Health Centre,ZW801060
mv Nyikavanhu Rural Health Centre,ZW080507
mv Old Boli Rural Health Centre,ZW802120
mv Pahlela Clinic,ZW802140
mv Porepore Clinic,ZW802290
mv PSI Newstart Masvingo ,
mv Razi Rural Health Centre,ZW080305
mv Renco Mine Clinic,ZW080576
mv Rujeko Clinic,ZW805820
mv Rujeko Clinic,ZW080582
mv Rukovo Clinic,ZW080532
mv Runyararo Clinic,ZW080583
mv Rupangwana Clinic,ZW080230
mv Ruponeso Clinic,ZW801950
mv Rusununguko Clinic,ZW302040
mv Rutandare Clinic,ZW802310
mv Rutenga Clinic,ZW080606
mv Rutenga NRZ Clinic,ZW506810
mv Samu Rural Health Centre,ZW802130
mv Sango Border Post,ZW802380
mv Serima Mission Hospital,ZW080491
mv Shindi Satellite Clinic,ZW080328
mv Shonganiso Clinic,ZW080592
mv Shumba Clinic,ZW080533
mv Shumbaimwe Clinic,ZW801370
mv Silveira Mission Hospital,ZW08010D
mv Siyawareva Clinic,ZW080737
mv Soti Source Rural Health Centre,ZW080406
mv St Joseph Clinic,ZW802270
mv Summerton Rural Health Centre,ZW805120
mv Svuure Rural Health Centre,ZW080704
mv Takavarasha Rural Health Centre,ZW080307
mv Tirizi Satellite Clinic,ZW080433
mv Triangle Private Hospital,ZW08020D
mv Tshovani,ZW080233
mv Tshovani Clinic,ZW802330
mv Veza Clinic,ZW080738
mv Victoria High School Clinic,ZW805150
mv Vuranda Clinic,ZW080329
mv Vutete Health Centre,ZW080333
mv Wendedzo Clinic,ZW805130
mv Zaka EPI Mobile,
mv Zano Clinic,ZW080536
mv Zibwowa Rural Health Centre,ZW807050
mv ZIMBABWE BIO ENERGY CLINIC,ZW806840
mv Zimuto BC Clinic,ZW080534
mv Zimuto Mission Clinic,ZW805930
mv Zinhata Clinic,ZW080432
mv Zivuku Clinic,ZW080324
mv ZPS Masvingo Remand Prison Clinic,ZW805290
mv ZPS Mutimurefu  Prison Clinic,ZW080505
mv ZPS Mutimurefu Prison Clinic,
mv ZRP Bikita Clinic,ZW801150
mv ZRP Bikita Clinic ,
mv ZRP Chiredzi Clinic,
mv ZRP Zimuto Provincial Camp Clinic ,
mv Zvamahande Clinic,ZW805430
mv Zvavahera Rural Health Centre,ZW080409
mw Alaska Munic Clinic,ZW040463
mw Arda Sisi RDC Clinic,ZW040786
mw Aryshire Mine Clinic,ZW40741
mw Ayshire RDC Clinic,ZW40742
mw Banket District Hospital,ZW04070A
mw Banket Outreach Mobile,
mw Batsiranai Nursing Home,ZW0140178
mw Battlefieds clinic,ZW0140526
mw Beersheba Mission Clinic,ZW040187
mw Bervking,ZW040790
mw BEUGEST CLINIC,
mw Beugest RDC Clinic,ZW014239
mw Blackmovale Clinic,ZW040620
mw Brunswick Clinic,ZW040180
mw Bururu RDC Clinic,ZW040517
mw Carfex RDC Clinic,ZW014346
mw Caribea Bay Private Clinic,
mw Chakari Mine Clinic,ZW040689
mw Chalala RDC Clinic,ZW014425
mw Chegutu 6 Clinic,ZW040626
mw Chegutu CBDS Clinic,ZW014145
mw Chegutu Clinic,ZW040145
mw Chegutu District Hospital,ZW04010A
mw Chemukute Municipal Clinic,ZW014335
mw Chibero Rural Health Centre,ZW014104
mw Chidamoyo Mission Hospital,ZW04020D
mw Chikara Clinic,ZW014125
mw Chikeya RDC Clinic,ZW040795
mw Chikonohono Munic Clinic,ZW040462
mw Chimanimani RDC Clinic,ZW014586
mw Chinengundu Clinic,ZW040162
mw Chingondo RDC Clinic,ZW040518
mw Chinhere Clinic,ZW040225
mw Chinhoyi Munic Clinic,ZW040461
mw Chinhoyi Provincial Hospital,ZW04040A
mw Chinhoyi Provincial Hospital OPD,ZW0145A
mw Chinhoyi Univ of Tech Clinic,ZW014503
mw Chipfuwamiti Clinic,ZW040491
mw Chirau RDC Clinic,ZW40726
mw Chirikiti RDC Clinic,ZW040621
mw Chirundu Rural Health Centre,ZW040201
mw Chirundu Wellness Clinic,ZW040241
mw Chirundu Welness Clinic,ZW014241
mw Chivende Rural Health Centre,ZW040202
mw Chivero Clinic,ZW040126
mw Chivhere Rural Health Centre,ZW040701
mw Chundu Clinic,ZW040226
mw Crest Breeders Private Clin,ZW040762
mw Cuba RDC Clinic,ZW040580
mw Danangwe Clinic,ZW0140191
mw Darwendale Rural Hospital,ZW04070C
mw David Whitehead Clinic,ZW014151
mw Dete Clinic,ZW014296
mw Deve Clinic,ZW014203
mw Doma RDC Clinic,ZW040445
mw Dombwe Clinic,ZW014146
mw Donain Rural Health Centre,ZW040502
mw Dondoshava Rural Health Centre,ZW0140503
mw Doro Clinic,ZW040299
mw Dr Chitambo Surgery,ZW0145
mw Dudley Hall Clinic,
mw Dzivaresekwa gvt Clinic,ZW040780
mw FACT New Start Centre Static,90
mw Fanham Clinic,ZW014148
mw Father O'Hea Mission Hospital,ZW04070E
mw Gache-Gache Rural Health Centre,ZW014402
mw Gamanya RDC clinic,ZW040485
mw Gandawasvika RDC Clinic,ZW014585
Mw Gavhunga RDC,ZW040519
mw Glenluce Clinic,ZW0140139
mw Godzi RDC Clinic,ZW014581
mw Golden Valley Mine Clinic,ZW014377
mw Gora Rural Health Centre,ZW014102
mw Green Valley RDC Clinic,ZW014512
mw Gwebi Rural Health Centre,ZW40702
Mw Gweshe RDC,ZW0140528
mw Helwin Clinic,ZW040245
mw Herbert Chitepo,ZW040794
mw Hesketh Clinic,ZW040246
mw HEWIYAI COUNCIL CLINIC,
mw Hombwe RDC Clinic,ZW040425
mw Homedale Clinic,ZW014178
mw Hunyani Munic Clinic,ZW014561
mw Hunyani Pulp Clinic,
mw Hurungwe RH,ZW04020B
mw Hurungwe Rural Hospital,ZW0142B
mw Inamo Farming Clinic,ZW040799
mw Inamo Farming Clinic,
mw Ingezi clinic,ZW040636
mw Inkomo ARMY Mech Field Coy Clinic,ZW040781
mw Jairos Jiri Private Clinic,ZW014381
mw Jari RDC Clinic,ZW040727
mw Jompani Rural Health Centre,ZW040601
mw Jondale Bumbe Rural Health Centre,ZW0140504
mw Kadoma General Hospital,ZW04060A
mw Kadoma ZRP Clinic,ZW014303
mw Kamhonde Rural Health Centre,ZW040405
mw Kamuzingizi RDC Clinic,ZW040492
mw Kanyaga RDC Clinic,ZW040488
mw Kanyati Rural Health Centre,ZW014403
mw Kapfunde Clinic,ZW040291
mw Kariba border,ZW0403KAR
mw Kariba District Hospital,ZW0144A
mw Karoi District Hospital,ZW04020A
mw Karoi Static Clinic,ZW040261
mw Karuru RDC Clinic,ZW014295
mw Kasimure RHC,ZW040294
mw Kasvisva RDC Clinic,ZW01463
mw Katanga Utano Clinic,ZW040147
mw Kazangarare Clinic,ZW040227
mw Kemurara RDC Clinic,ZW040779
mw Kent Estate Clinic,ZW040188
mw Kenzamba Rural Health Centre,ZW040406
mw Khosana Ranch RDCClinic,ZW014578
mw Kutama RDC Clinic,ZW040743
mw Kuwadzana RDC Clinic,ZW040744
mw Lanlory Clinic,ZW014297
mw Lismore Clinic,ZW014177
mw Long Valley RDC Clinic,ZW014589
mw Lospen Farming Clinic,ZW040735
mw Lynx Clinic,ZW040275
mw Madzorera RDC Clinic,ZW040728
mw Mafindifindi RDC Clinic,ZW040520
mw Mafuti Clinic,ZW014179
mw Mahombekombe Clinic,ZW014462
mw Makonde CBDS Clinic,
mw Makonde Christ Hosp,ZW04040D
mw Makonde ZNFPC Clinic,
mw Makuti Rural Health Centre,ZW040233
mw Manapools clinic,ZW014242
mw Manyamba Rural Health Centre,ZW040487
mw Manyewe RDC Clinic,ZW0140521
mw Manyoni Rural Health Centre,ZW0140505
mw Mapinga RDC Clinic,ZW040783
mw Masanga Rural Health Centre,ZW040205
mw Mashongwe Clinic,ZW014247
mw Masikati Clinic,ZW014228
mw Masiyarwa RDC Clinic,ZW040725
mw Matoranjera RDC Clinic,ZW014547
mw Matoranjera RDC Clinic,ZW040447
mw Mayovhe RDC clinic,ZW014464
mw Mbuyanehanda Rural Health Centre,ZW014103
mw Mbyuanehanda Rural Health Centre,ZW040103
mw Mhondoro North Clinic,ZW040127
mw Mhondoro Rural Hospital,ZW04010B
mw Mola Clinic,ZW014404
mw Monera Rural Health Centre,ZW040104
mw Mount Hampden RDC Clinic,ZW040745
mw Moy RDC Clinic,ZW040235
mw Mpata RDC Clinic,ZW014545
mw Mpumbu RDC Clinic,ZW40714
mw Msampakaruma RDC Clinic,ZW014427
mw Msengezi Rural Health Centre,ZW040105
mw Mukarati RDC Clinic,ZW040522
mw Mukohwe RDC Clinic,ZW040426
mw Munemo Clinic,ZW010733
mw Mupawose Clinic,ZW014128
mw Mupfure Clinic,ZW040109
mw Mupfure Clinic,ZW0140109
mw Murambe Clinic,ZW014234
mw Murambwa RDC Clinic,ZW040523
mw Murereka Rural Health Centre,ZW040407
mw Muriel Mine Clinic,ZW040776
mw Musinami Rural Health Centre,ZW040106
mw Mutala RDC Clinic,ZW014593
mw Mutorashanga RDC Hospital,ZW04070F
mw Muuyu RDC Clinic,ZW040629
mw Muzari Ployclinic Munic,ZW040494
mw Muzvezve Rural Health Centre,ZW0140506
mw Mwami Rural Hospital,ZW04020C
mw Naison Dip RDC Clinic,ZW014595
mw Negande Rural Health Centre,ZW014405
mw New Geja Rural Health Centre,ZW014304
mw Ngezi (mhondoro) Rural Hospital,ZW04050A
mw Ngezi Municipal_Clinic,ZW014336
mw North Middle Dyke Clinic,ZW040789
mw Norton Hospital,ZW04010C
mw Nyabango Rural Health Centre,ZW040605
mw Nyabira RDC Clinic,ZW040746
mw Nyama clinic,ZW014236
mw Nyama Clinic,ZW040236
mw Nyamakate Clinic,ZW040228
mw Nyamatani Rural Health Centre,ZW014310
mw Nyamhunga (kab) Clinic,ZW014461
mw Nyamhunga Sengwe Clinic,ZW040229
mw Nyamugomba RDC Clinic,ZW014579
mw Nyangoma Clinic,ZW014248
mw Nyaonde Rural Health Centre,ZW040607
mw Obva RDC Clinic,ZW040427
mw Ordoff RDC Clinic,ZW040623
mw Padre Pio Poly Clinic,ZW040189
mw Paradise Clinic,
mw Paramedical ARMY Hospital,ZW40734
mw PATCHWAY MINE CLINIC,
mw Patchway RDC Clinic,ZW040624
mw Perseverance Army Clinic,ZW014308
mw Pfupajena Munic,ZW040161
mw Pfupajena Munic Clinic,ZW0140149
mw Portlet RDC clinic,ZW014583
mw Presbyterian Clinic,ZW0140185
mw PSZ Private Clinic,
mw Raffingora Rural Hospital,ZW04070D
mw Rimuka MCH Municipal Clinic,ZW040637
mw Rimuka Municipal Clinic,ZW040361
mw River Ranch RDC Clinic,ZW014510
mw Runene RDCClinic,ZW040433
mw Rwizi Clinic,ZW040129
mw Sadoma RDC Clinic,ZW014584
mw Sandringham Clinic,ZW040134
mw Santa Barbara Mission Clinic,ZW0140186
mw Sanyati Mission Hospital,ZW04060C
mw Sanyati RDC Clinic,ZW040630
mw Sanyati RDC Clinic,ZW040625
mw Selous Clinic,ZW040133
mw Shackelton Municipal Clinic,ZW040477
mw Shamrock Clinic,ZW040107
mw Siyakobvu rural hospital,ZW014428
mw St Michael's Mission Hospital,ZW04050B
mw St Rupert's Mission Hospital,ZW04040B
mw Suri Suri Airbase Clinic,
mw Sutton RDC Clinic,ZW040777
mw Tasunungurwa Clinic,ZW0140108
mw Tengwe Clinic,ZW040249
mw TRB RDC Clinic,ZW040747
mw Trelawney RDC Clinic,ZW040748
mw Triple C,ZW0140190
mw Turf Estate RDC Clinic,ZW040524
mw Twintops RDC Clinic,ZW040525
mw Umboe RDC Clinic,ZW040448
mw Vanad RDC Clinic,ZW040778
mw Vere Rural Health Centre,ZW040609
mw Watyoka Clinic,ZW040130
mw Waverly Municipal Clinic,ZW040639
mw Whiteclif private clinic,
mw Zebra Downs Clinic,ZW014207
mw Zimbabwe Mining Development Corporation Clinic,ZW014176
mw Zimplats Selous Clinic,ZW0140179
mw Zimplats Trauma Centre Private Clinic,ZW0140535
mw ZIPAM Priv Clinic,ZW040787
mw Zowa RDCClinic,ZW040749
mw ZPS Banket Prison Clinic,
mw ZPS Chinhoyi Prison Clinic,ZW040401
mw ZPS Hurungwe Prison Clinic,ZW014238
mw ZPS Kadoma Prison Clinic,ZW014302
mw ZPS Kariba Prison Clinic,ZW0144
mw ZPS Karoi Prison Clinic,ZW014237
mw ZRP Clinic,ZW014298
mw Zumbara Rural Health Centre,ZW014508
mw Zvimba Rural Hospital,ZW04070G
mw Zvimba ZNFPC Clinic,
mw Zvipani Rural Health Centre,ZW040206
ZW030929,ZW030929
ZW030929,ZW03092
ZW030931,ZW030931
ZW030932,ZW030932
ZW030933,ZW030933
ZW030934,ZW030934
